arch,IPC,Variant,dseed,pseed,F1 macro (%),F1 weighted (%)
dinov2_vitb,,full,,0,88.98661240570598,89.8884495529444
dinov2_vitb,,full,,1,89.33005857562566,90.45029994122822
dinov2_vitb,,full,,2,88.95708144818798,90.3845046734902
dinov2_vitb,,full,,3,89.4549309015931,90.20687482318415
dinov2_vitb,,full,,4,89.4529572039078,90.33723992254646
dinov2_vitb,1.0,real_random,3407.0,0,64.5678721517492,65.76960528890747
dinov2_vitb,1.0,real_random,3407.0,1,61.98351523354365,62.88686172234783
dinov2_vitb,1.0,real_random,3407.0,2,61.22925263149952,62.77354408724831
dinov2_vitb,1.0,real_random,3407.0,3,62.21383157984721,63.72669593226659
dinov2_vitb,1.0,real_random,3407.0,4,65.5271431552608,65.16167286182034
dinov2_vitb,1.0,real_medoids,3407.0,0,74.66466551862759,78.75924706409769
dinov2_vitb,1.0,real_medoids,3407.0,1,73.87789699946204,78.94268616842749
dinov2_vitb,1.0,real_medoids,3407.0,2,71.72003787502142,74.61553929944368
dinov2_vitb,1.0,real_medoids,3407.0,3,73.5205770573979,76.03851658447748
dinov2_vitb,1.0,real_medoids,3407.0,4,74.65676432613289,79.33727177013562
dinov2_vitb,1.0,real_random,42.0,0,58.436288876452295,70.51132441333549
dinov2_vitb,1.0,real_random,42.0,1,59.93890339255095,70.70207661440587
dinov2_vitb,1.0,real_random,42.0,2,59.68514680003416,70.2178716009359
dinov2_vitb,1.0,real_random,42.0,3,57.59047167579192,69.18759292188057
dinov2_vitb,1.0,real_random,42.0,4,57.77037257031529,71.3897738416897
dinov2_vitb,1.0,real_medoids,42.0,0,74.66466551862759,78.75924706409769
dinov2_vitb,1.0,real_medoids,42.0,1,73.87789699946204,78.94268616842749
dinov2_vitb,1.0,real_medoids,42.0,2,71.72003787502142,74.61553929944368
dinov2_vitb,1.0,real_medoids,42.0,3,73.5205770573979,76.03851658447748
dinov2_vitb,1.0,real_medoids,42.0,4,74.65676432613289,79.33727177013562
dinov2_vitb,1.0,real_random,1234.0,0,66.65381617246456,69.13498899334863
dinov2_vitb,1.0,real_random,1234.0,1,64.86705078097805,67.80417890211281
dinov2_vitb,1.0,real_random,1234.0,2,62.76958552891795,67.46067539046719
dinov2_vitb,1.0,real_random,1234.0,3,65.90365669400734,68.37973357152792
dinov2_vitb,1.0,real_random,1234.0,4,64.00790566334237,66.66972275923686
dinov2_vitb,1.0,real_medoids,1234.0,0,74.66466551862759,78.75924706409769
dinov2_vitb,1.0,real_medoids,1234.0,1,73.87789699946204,78.94268616842749
dinov2_vitb,1.0,real_medoids,1234.0,2,71.72003787502142,74.61553929944368
dinov2_vitb,1.0,real_medoids,1234.0,3,73.5205770573979,76.03851658447748
dinov2_vitb,1.0,real_medoids,1234.0,4,74.65676432613289,79.33727177013562
dinov2_vitb,1.0,real_random,2024.0,0,62.801791476461,63.72089192562629
dinov2_vitb,1.0,real_random,2024.0,1,66.36534705077001,64.63050066586054
dinov2_vitb,1.0,real_random,2024.0,2,65.36030429014951,64.46253961061731
dinov2_vitb,1.0,real_random,2024.0,3,64.70887373699537,64.0026572878703
dinov2_vitb,1.0,real_random,2024.0,4,65.27252781643959,64.19922552936478
dinov2_vitb,1.0,real_medoids,2024.0,0,74.66466551862759,78.75924706409769
dinov2_vitb,1.0,real_medoids,2024.0,1,73.87789699946204,78.94268616842749
dinov2_vitb,1.0,real_medoids,2024.0,2,71.72003787502142,74.61553929944368
dinov2_vitb,1.0,real_medoids,2024.0,3,73.5205770573979,76.03851658447748
dinov2_vitb,1.0,real_medoids,2024.0,4,74.65676432613289,79.33727177013562
dinov2_vitb,1.0,real_random,7.0,0,61.51499066206363,71.85804830603534
dinov2_vitb,1.0,real_random,7.0,1,62.76563326397462,69.92667717233209
dinov2_vitb,1.0,real_random,7.0,2,60.991309389834356,70.5487114946869
dinov2_vitb,1.0,real_random,7.0,3,62.34795299237494,71.40038262876651
dinov2_vitb,1.0,real_random,7.0,4,59.497442672861546,69.15007121602362
dinov2_vitb,1.0,real_medoids,7.0,0,74.66466551862759,78.75924706409769
dinov2_vitb,1.0,real_medoids,7.0,1,73.87789699946204,78.94268616842749
dinov2_vitb,1.0,real_medoids,7.0,2,71.72003787502142,74.61553929944368
dinov2_vitb,1.0,real_medoids,7.0,3,73.5205770573979,76.03851658447748
dinov2_vitb,1.0,real_medoids,7.0,4,74.65676432613289,79.33727177013562
dinov2_vitb,3.0,real_random,3407.0,0,69.73362771505771,75.2242570085026
dinov2_vitb,3.0,real_random,3407.0,1,69.8386371646633,74.04028013543864
dinov2_vitb,3.0,real_random,3407.0,2,71.13626117571808,76.67267794752995
dinov2_vitb,3.0,real_random,3407.0,3,70.90718311824409,75.04796573141952
dinov2_vitb,3.0,real_random,3407.0,4,68.44117906255259,73.88829251902857
dinov2_vitb,3.0,real_medoids,3407.0,0,79.59649729901442,84.40731047931318
dinov2_vitb,3.0,real_medoids,3407.0,1,80.34250077644826,84.41298330463766
dinov2_vitb,3.0,real_medoids,3407.0,2,79.48413783438632,84.7008286863304
dinov2_vitb,3.0,real_medoids,3407.0,3,81.28515146047958,85.43679318369715
dinov2_vitb,3.0,real_medoids,3407.0,4,80.38110310933007,85.09090290631484
dinov2_vitb,3.0,real_random,42.0,0,73.45630223645584,78.05181421021369
dinov2_vitb,3.0,real_random,42.0,1,75.02990757172496,78.0225869954966
dinov2_vitb,3.0,real_random,42.0,2,73.60628125002397,79.38910119368126
dinov2_vitb,3.0,real_random,42.0,3,74.86781631004501,78.00939657498024
dinov2_vitb,3.0,real_random,42.0,4,74.22019418174133,77.88888713231654
dinov2_vitb,3.0,real_medoids,42.0,0,80.35272790865315,83.73481492438425
dinov2_vitb,3.0,real_medoids,42.0,1,79.21118265150841,84.51168304930594
dinov2_vitb,3.0,real_medoids,42.0,2,79.35727786155373,84.09081507621453
dinov2_vitb,3.0,real_medoids,42.0,3,79.89455136327199,85.0462226482976
dinov2_vitb,3.0,real_medoids,42.0,4,78.79109538497057,84.76516927835118
dinov2_vitb,3.0,real_random,1234.0,0,72.51371860046994,78.49356614410806
dinov2_vitb,3.0,real_random,1234.0,1,74.270638781131,78.37998115257463
dinov2_vitb,3.0,real_random,1234.0,2,73.74546776092144,78.50903213418086
dinov2_vitb,3.0,real_random,1234.0,3,74.86048154797508,80.0603776648234
dinov2_vitb,3.0,real_random,1234.0,4,73.22207080877018,79.31171369643624
dinov2_vitb,3.0,real_medoids,1234.0,0,77.8415519104563,84.33273840965686
dinov2_vitb,3.0,real_medoids,1234.0,1,79.68883155213463,85.48199551130043
dinov2_vitb,3.0,real_medoids,1234.0,2,79.44810555309616,85.22502823346511
dinov2_vitb,3.0,real_medoids,1234.0,3,78.96813279821812,85.38174277707367
dinov2_vitb,3.0,real_medoids,1234.0,4,78.18510834477796,84.95685698727871
dinov2_vitb,3.0,real_random,2024.0,0,72.39609072046352,75.51413185112811
dinov2_vitb,3.0,real_random,2024.0,1,72.2659212147151,74.14243845289626
dinov2_vitb,3.0,real_random,2024.0,2,72.64466918832598,76.24592868264736
dinov2_vitb,3.0,real_random,2024.0,3,74.1560993487748,76.44600436299825
dinov2_vitb,3.0,real_random,2024.0,4,71.3420744154768,74.13375457255611
dinov2_vitb,3.0,real_medoids,2024.0,0,80.49162140236959,84.73350106395185
dinov2_vitb,3.0,real_medoids,2024.0,1,79.90816146002126,84.90994483793197
dinov2_vitb,3.0,real_medoids,2024.0,2,79.55874933462171,84.87981610767025
dinov2_vitb,3.0,real_medoids,2024.0,3,80.6224166985023,85.40840507174549
dinov2_vitb,3.0,real_medoids,2024.0,4,79.74178719180017,85.0427287629543
dinov2_vitb,3.0,real_random,7.0,0,67.24944084317518,60.14328135778408
dinov2_vitb,3.0,real_random,7.0,1,66.6517074964065,59.8939850760946
dinov2_vitb,3.0,real_random,7.0,2,66.42199614071933,57.813954940060555
dinov2_vitb,3.0,real_random,7.0,3,65.68068313772571,58.924559035930876
dinov2_vitb,3.0,real_random,7.0,4,67.93874923086618,61.76432666268526
dinov2_vitb,3.0,real_medoids,7.0,0,79.5156982542976,83.7925463761173
dinov2_vitb,3.0,real_medoids,7.0,1,80.72775870810878,84.5886975611532
dinov2_vitb,3.0,real_medoids,7.0,2,79.68736620193661,83.82054880428144
dinov2_vitb,3.0,real_medoids,7.0,3,81.58768849679505,84.54100025711072
dinov2_vitb,3.0,real_medoids,7.0,4,80.42100038417604,84.99469285738813
dinov2_vitb,5.0,real_random,3407.0,0,76.62760674456678,73.82907044011662
dinov2_vitb,5.0,real_random,3407.0,1,76.98366422739801,73.7277800033377
dinov2_vitb,5.0,real_random,3407.0,2,76.63695166724052,74.00690528069951
dinov2_vitb,5.0,real_random,3407.0,3,77.15532932390114,74.75684250873988
dinov2_vitb,5.0,real_random,3407.0,4,77.40337402940072,75.07825740667677
dinov2_vitb,5.0,real_medoids,3407.0,0,83.03478673148615,85.03117634871431
dinov2_vitb,5.0,real_medoids,3407.0,1,81.16993009758487,84.53434369790462
dinov2_vitb,5.0,real_medoids,3407.0,2,81.81626709573703,84.32392452767814
dinov2_vitb,5.0,real_medoids,3407.0,3,82.9755766310909,84.79873113660588
dinov2_vitb,5.0,real_medoids,3407.0,4,82.30253400995139,84.8882584740307
dinov2_vitb,5.0,real_random,42.0,0,76.17114568151928,72.90543446513492
dinov2_vitb,5.0,real_random,42.0,1,77.42424485666865,73.97166523173503
dinov2_vitb,5.0,real_random,42.0,2,77.68582097619088,73.28301939018063
dinov2_vitb,5.0,real_random,42.0,3,76.71719243057538,73.42480483473562
dinov2_vitb,5.0,real_random,42.0,4,77.06343729094358,74.53294216644653
dinov2_vitb,5.0,real_medoids,42.0,0,82.89168041881464,84.96274090011686
dinov2_vitb,5.0,real_medoids,42.0,1,81.23261883805861,84.71717271828041
dinov2_vitb,5.0,real_medoids,42.0,2,81.17416201350292,84.10980075898756
dinov2_vitb,5.0,real_medoids,42.0,3,82.8620084222462,84.66469137587343
dinov2_vitb,5.0,real_medoids,42.0,4,80.92919842713859,84.81325318653045
dinov2_vitb,5.0,real_random,1234.0,0,76.755995389701,79.1307023907221
dinov2_vitb,5.0,real_random,1234.0,1,77.35398847876571,79.80134992529888
dinov2_vitb,5.0,real_random,1234.0,2,76.90327852764224,78.79130505240954
dinov2_vitb,5.0,real_random,1234.0,3,76.99220338674904,79.40163738511453
dinov2_vitb,5.0,real_random,1234.0,4,76.65572549952611,78.67769439945911
dinov2_vitb,5.0,real_medoids,1234.0,0,82.00285237894165,84.74571110806059
dinov2_vitb,5.0,real_medoids,1234.0,1,80.94748181643666,84.71184646311866
dinov2_vitb,5.0,real_medoids,1234.0,2,80.84126654284208,84.09998517329123
dinov2_vitb,5.0,real_medoids,1234.0,3,81.4849844602185,84.17987684285842
dinov2_vitb,5.0,real_medoids,1234.0,4,80.78626601773628,84.63229188390862
dinov2_vitb,5.0,real_random,2024.0,0,76.00970893069189,78.21093465702428
dinov2_vitb,5.0,real_random,2024.0,1,75.39314641102433,77.89301793824038
dinov2_vitb,5.0,real_random,2024.0,2,76.41446858592577,77.86403290168306
dinov2_vitb,5.0,real_random,2024.0,3,75.70562067010813,78.1113576430496
dinov2_vitb,5.0,real_random,2024.0,4,75.60520160712383,78.23472750269916
dinov2_vitb,5.0,real_medoids,2024.0,0,83.01821712923555,84.7206411074326
dinov2_vitb,5.0,real_medoids,2024.0,1,81.4599913358278,84.34478392579166
dinov2_vitb,5.0,real_medoids,2024.0,2,82.09537826341803,84.15338601558024
dinov2_vitb,5.0,real_medoids,2024.0,3,82.56018909855575,84.39032394315056
dinov2_vitb,5.0,real_medoids,2024.0,4,81.96615619778808,84.96317296290734
dinov2_vitb,5.0,real_random,7.0,0,70.91926007664726,72.84259683479844
dinov2_vitb,5.0,real_random,7.0,1,71.8518540626553,73.32076830598069
dinov2_vitb,5.0,real_random,7.0,2,73.24369756752951,73.5732282209156
dinov2_vitb,5.0,real_random,7.0,3,71.2540842937582,73.72610030815814
dinov2_vitb,5.0,real_random,7.0,4,71.41954764755339,74.05371256867956
dinov2_vitb,5.0,real_medoids,7.0,0,83.58773880020274,85.24280313501316
dinov2_vitb,5.0,real_medoids,7.0,1,81.43007795777812,84.53893784580178
dinov2_vitb,5.0,real_medoids,7.0,2,81.86398677306266,84.25606100043326
dinov2_vitb,5.0,real_medoids,7.0,3,82.80363138523029,84.63051778586697
dinov2_vitb,5.0,real_medoids,7.0,4,82.04191175063947,84.95943883207173
clip_vitb,,full,,0,73.38337017749124,83.21205580854058
clip_vitb,,full,,1,73.56228116683037,83.57145093409544
clip_vitb,,full,,2,72.2870867683004,83.22192063477296
clip_vitb,,full,,3,72.8027317314034,83.42685847078599
clip_vitb,,full,,4,72.9344991945861,83.57402696905616
clip_vitb,1.0,real_random,3407.0,0,32.86251728971345,42.661364461890756
clip_vitb,1.0,real_random,3407.0,1,32.74789230974563,44.46043287256556
clip_vitb,1.0,real_random,3407.0,2,31.445845706961094,35.81798133330021
clip_vitb,1.0,real_random,3407.0,3,31.73795914005566,39.751195387057955
clip_vitb,1.0,real_random,3407.0,4,34.40280272679771,44.399354140357964
clip_vitb,1.0,real_medoids,3407.0,0,41.103551392336435,49.665247006000925
clip_vitb,1.0,real_medoids,3407.0,1,41.113368313652614,48.964103864635035
clip_vitb,1.0,real_medoids,3407.0,2,40.6625783127571,48.60989628512393
clip_vitb,1.0,real_medoids,3407.0,3,39.43649772314522,48.780215745926526
clip_vitb,1.0,real_medoids,3407.0,4,40.9538348005859,47.81653231691306
clip_vitb,1.0,real_random,42.0,0,30.642639110202595,34.680330654544264
clip_vitb,1.0,real_random,42.0,1,32.391467742630816,38.55530703254593
clip_vitb,1.0,real_random,42.0,2,29.39000208023557,29.55229175455079
clip_vitb,1.0,real_random,42.0,3,31.423660288762186,33.05075610691773
clip_vitb,1.0,real_random,42.0,4,32.493264087307146,34.321438807545306
clip_vitb,1.0,real_medoids,42.0,0,41.103551392336435,49.665247006000925
clip_vitb,1.0,real_medoids,42.0,1,41.113368313652614,48.964103864635035
clip_vitb,1.0,real_medoids,42.0,2,40.6625783127571,48.60989628512393
clip_vitb,1.0,real_medoids,42.0,3,39.43649772314522,48.780215745926526
clip_vitb,1.0,real_medoids,42.0,4,40.9538348005859,47.81653231691306
clip_vitb,1.0,real_random,1234.0,0,27.865748312469478,41.72519454975795
clip_vitb,1.0,real_random,1234.0,1,28.00943919685374,42.02399926356841
clip_vitb,1.0,real_random,1234.0,2,28.273033268947884,41.97266411945505
clip_vitb,1.0,real_random,1234.0,3,28.987726875548763,42.684678266899084
clip_vitb,1.0,real_random,1234.0,4,28.702844890431205,42.450969115532544
clip_vitb,1.0,real_medoids,1234.0,0,41.103551392336435,49.665247006000925
clip_vitb,1.0,real_medoids,1234.0,1,41.113368313652614,48.964103864635035
clip_vitb,1.0,real_medoids,1234.0,2,40.6625783127571,48.60989628512393
clip_vitb,1.0,real_medoids,1234.0,3,39.43649772314522,48.780215745926526
clip_vitb,1.0,real_medoids,1234.0,4,40.9538348005859,47.81653231691306
clip_vitb,1.0,real_random,2024.0,0,38.15916647802972,51.73648583349545
clip_vitb,1.0,real_random,2024.0,1,37.648932363818,52.53582677759232
clip_vitb,1.0,real_random,2024.0,2,37.29597052071479,48.63548150576667
clip_vitb,1.0,real_random,2024.0,3,39.465769688492614,52.29014161730938
clip_vitb,1.0,real_random,2024.0,4,40.00647538474194,53.433620439326965
clip_vitb,1.0,real_medoids,2024.0,0,41.103551392336435,49.665247006000925
clip_vitb,1.0,real_medoids,2024.0,1,41.113368313652614,48.964103864635035
clip_vitb,1.0,real_medoids,2024.0,2,40.6625783127571,48.60989628512393
clip_vitb,1.0,real_medoids,2024.0,3,39.43649772314522,48.780215745926526
clip_vitb,1.0,real_medoids,2024.0,4,40.9538348005859,47.81653231691306
clip_vitb,1.0,real_random,7.0,0,32.026493173636005,46.905100147010934
clip_vitb,1.0,real_random,7.0,1,35.26139506425931,47.87477990258214
clip_vitb,1.0,real_random,7.0,2,31.523877068893263,44.52496783209746
clip_vitb,1.0,real_random,7.0,3,32.35020718150132,45.01344175070713
clip_vitb,1.0,real_random,7.0,4,32.97731099984059,46.687084298179485
clip_vitb,1.0,real_medoids,7.0,0,41.103551392336435,49.665247006000925
clip_vitb,1.0,real_medoids,7.0,1,41.113368313652614,48.964103864635035
clip_vitb,1.0,real_medoids,7.0,2,40.6625783127571,48.60989628512393
clip_vitb,1.0,real_medoids,7.0,3,39.43649772314522,48.780215745926526
clip_vitb,1.0,real_medoids,7.0,4,40.9538348005859,47.81653231691306
clip_vitb,3.0,real_random,3407.0,0,43.88237137785673,56.21369417265471
clip_vitb,3.0,real_random,3407.0,1,43.87653690776947,57.08567557470287
clip_vitb,3.0,real_random,3407.0,2,43.18075092939026,55.523804661630116
clip_vitb,3.0,real_random,3407.0,3,44.18767519602471,55.82989417014813
clip_vitb,3.0,real_random,3407.0,4,45.153202455856274,57.291987826192646
clip_vitb,3.0,real_medoids,3407.0,0,51.548845084676586,60.99972543056862
clip_vitb,3.0,real_medoids,3407.0,1,49.91427859505313,61.92279213855279
clip_vitb,3.0,real_medoids,3407.0,2,50.47862593624196,62.05947920354063
clip_vitb,3.0,real_medoids,3407.0,3,51.072595354540205,60.30689650366538
clip_vitb,3.0,real_medoids,3407.0,4,50.41915601313275,60.73345303855512
clip_vitb,3.0,real_random,42.0,0,52.922093024744456,61.42072148310207
clip_vitb,3.0,real_random,42.0,1,53.02872942120776,61.860797270708105
clip_vitb,3.0,real_random,42.0,2,54.138807604542485,62.6524062653221
clip_vitb,3.0,real_random,42.0,3,53.34915891247935,61.240495472834056
clip_vitb,3.0,real_random,42.0,4,53.469143428262186,62.889386331281194
clip_vitb,3.0,real_medoids,42.0,0,48.69973484703,55.6629604822695
clip_vitb,3.0,real_medoids,42.0,1,47.99578786940418,56.720325881684275
clip_vitb,3.0,real_medoids,42.0,2,49.06224792005869,56.576989511188444
clip_vitb,3.0,real_medoids,42.0,3,48.22116670789162,56.11872681965694
clip_vitb,3.0,real_medoids,42.0,4,49.1416382325928,56.8012611634105
clip_vitb,3.0,real_random,1234.0,0,47.57960135046111,59.795901061245004
clip_vitb,3.0,real_random,1234.0,1,47.88482405735956,60.48073323318081
clip_vitb,3.0,real_random,1234.0,2,47.49387365418997,60.09220966350297
clip_vitb,3.0,real_random,1234.0,3,48.394838749668196,60.20800504166173
clip_vitb,3.0,real_random,1234.0,4,48.53747075831839,60.18690235823602
clip_vitb,3.0,real_medoids,1234.0,0,50.00189323664419,59.62672177169589
clip_vitb,3.0,real_medoids,1234.0,1,50.607476963679865,60.23613984937442
clip_vitb,3.0,real_medoids,1234.0,2,50.2920345932668,60.111929263578276
clip_vitb,3.0,real_medoids,1234.0,3,50.910931457443176,59.84407296854057
clip_vitb,3.0,real_medoids,1234.0,4,50.320158077284646,59.14213410208456
clip_vitb,3.0,real_random,2024.0,0,46.23966323506954,46.87947673665647
clip_vitb,3.0,real_random,2024.0,1,44.854905211184146,46.68615840049472
clip_vitb,3.0,real_random,2024.0,2,45.68096050139269,45.735854732870486
clip_vitb,3.0,real_random,2024.0,3,46.421436146924016,47.56268799336644
clip_vitb,3.0,real_random,2024.0,4,47.14231935171232,47.55463092531439
clip_vitb,3.0,real_medoids,2024.0,0,50.79977097075189,61.88118236303033
clip_vitb,3.0,real_medoids,2024.0,1,51.78709574381587,62.41052372553919
clip_vitb,3.0,real_medoids,2024.0,2,50.578359000053595,61.484137653781936
clip_vitb,3.0,real_medoids,2024.0,3,49.68907893196282,61.28615779007334
clip_vitb,3.0,real_medoids,2024.0,4,51.420601646116104,61.16614223277922
clip_vitb,3.0,real_random,7.0,0,48.241902431955864,48.8072832149262
clip_vitb,3.0,real_random,7.0,1,49.23615088638641,52.50281111097603
clip_vitb,3.0,real_random,7.0,2,47.86937749365798,48.78145909717317
clip_vitb,3.0,real_random,7.0,3,47.28157205919056,48.66323690690165
clip_vitb,3.0,real_random,7.0,4,48.03898051918743,48.99139968929496
clip_vitb,3.0,real_medoids,7.0,0,48.8371411126778,59.93467721685264
clip_vitb,3.0,real_medoids,7.0,1,49.534704563344995,60.73259130296639
clip_vitb,3.0,real_medoids,7.0,2,49.3747390981736,59.81310625338539
clip_vitb,3.0,real_medoids,7.0,3,48.079139284288146,58.993692799529505
clip_vitb,3.0,real_medoids,7.0,4,49.55815914659908,59.55937351279502
clip_vitb,5.0,real_random,3407.0,0,50.94971234369648,62.43067862464295
clip_vitb,5.0,real_random,3407.0,1,51.01643972983785,63.25361942754878
clip_vitb,5.0,real_random,3407.0,2,50.253413681952296,62.55563197790094
clip_vitb,5.0,real_random,3407.0,3,51.88440554939787,63.621943745881424
clip_vitb,5.0,real_random,3407.0,4,50.82819930008953,62.45226668915906
clip_vitb,5.0,real_medoids,3407.0,0,56.6753830380311,64.27677443407312
clip_vitb,5.0,real_medoids,3407.0,1,56.79338816288666,63.29098930676843
clip_vitb,5.0,real_medoids,3407.0,2,56.56336142071823,64.36832708605974
clip_vitb,5.0,real_medoids,3407.0,3,57.27582370411086,64.07514689759758
clip_vitb,5.0,real_medoids,3407.0,4,56.735477710124094,62.863989920771715
clip_vitb,5.0,real_random,42.0,0,50.55234649749043,61.39516842195327
clip_vitb,5.0,real_random,42.0,1,50.095423753688095,61.39378898483103
clip_vitb,5.0,real_random,42.0,2,50.38279425656682,61.0699461212873
clip_vitb,5.0,real_random,42.0,3,50.79003498299877,62.35009052258418
clip_vitb,5.0,real_random,42.0,4,50.8584153512001,61.426316066736476
clip_vitb,5.0,real_medoids,42.0,0,57.82088741650483,64.80568057439885
clip_vitb,5.0,real_medoids,42.0,1,57.39892688880444,65.6931826629248
clip_vitb,5.0,real_medoids,42.0,2,57.11691638470121,65.69125624126613
clip_vitb,5.0,real_medoids,42.0,3,57.01189698246256,65.52560921615512
clip_vitb,5.0,real_medoids,42.0,4,57.07729036690458,64.53679604317595
clip_vitb,5.0,real_random,1234.0,0,49.238596980767525,61.04600605580314
clip_vitb,5.0,real_random,1234.0,1,51.259719408371396,63.859049656982606
clip_vitb,5.0,real_random,1234.0,2,49.80025485263616,62.27454880072101
clip_vitb,5.0,real_random,1234.0,3,49.81614024371335,61.43076810487514
clip_vitb,5.0,real_random,1234.0,4,49.67836901437,62.361834822272186
clip_vitb,5.0,real_medoids,1234.0,0,55.979242864489244,64.42026969189445
clip_vitb,5.0,real_medoids,1234.0,1,55.80873847632517,64.37131687889057
clip_vitb,5.0,real_medoids,1234.0,2,56.025447348945136,64.72464869293391
clip_vitb,5.0,real_medoids,1234.0,3,55.18387691073448,63.54964795673887
clip_vitb,5.0,real_medoids,1234.0,4,56.93214737144585,63.69571211527341
clip_vitb,5.0,real_random,2024.0,0,49.75476742726245,60.27853319605302
clip_vitb,5.0,real_random,2024.0,1,50.6760698353122,61.134013352653604
clip_vitb,5.0,real_random,2024.0,2,51.0254652201277,60.88213602820589
clip_vitb,5.0,real_random,2024.0,3,50.27827363011068,61.251037441460255
clip_vitb,5.0,real_random,2024.0,4,49.95746906790017,60.33924313388566
clip_vitb,5.0,real_medoids,2024.0,0,57.0413810292939,65.14023886915102
clip_vitb,5.0,real_medoids,2024.0,1,57.112368276874236,64.87329808702785
clip_vitb,5.0,real_medoids,2024.0,2,57.338114456412626,66.28954396389423
clip_vitb,5.0,real_medoids,2024.0,3,57.63048588288028,65.61489225615671
clip_vitb,5.0,real_medoids,2024.0,4,56.514448133815776,64.25114789603329
clip_vitb,5.0,real_random,7.0,0,48.04175356066088,56.05008474151922
clip_vitb,5.0,real_random,7.0,1,48.609791757707654,57.52693490996194
clip_vitb,5.0,real_random,7.0,2,47.71320544771256,56.413853006801205
clip_vitb,5.0,real_random,7.0,3,47.74875757404359,57.06831663111585
clip_vitb,5.0,real_random,7.0,4,49.256861017786164,57.478540528956366
clip_vitb,5.0,real_medoids,7.0,0,56.09623228252016,64.54485400096145
clip_vitb,5.0,real_medoids,7.0,1,56.95764031214862,64.2874673204838
clip_vitb,5.0,real_medoids,7.0,2,57.39056079263144,65.27340585916444
clip_vitb,5.0,real_medoids,7.0,3,56.588787186916974,64.86195905565403
clip_vitb,5.0,real_medoids,7.0,4,56.253907530454285,63.283905325848636
mocov3_vitb,,full,,0,82.08505899885687,87.24160196879217
mocov3_vitb,,full,,1,82.59190754375024,87.28434196480546
mocov3_vitb,,full,,2,82.44875579234152,87.28259384253779
mocov3_vitb,,full,,3,81.59051590015075,87.18860835165235
mocov3_vitb,,full,,4,82.58130751790858,87.29253842920684
mocov3_vitb,1.0,real_random,3407.0,0,43.791771116370505,49.218734929565514
mocov3_vitb,1.0,real_random,3407.0,1,45.8465168788832,48.39017755346346
mocov3_vitb,1.0,real_random,3407.0,2,43.76202931374532,48.146317830482324
mocov3_vitb,1.0,real_random,3407.0,3,45.16469322892334,50.40916445922041
mocov3_vitb,1.0,real_random,3407.0,4,44.72844055380769,48.22447868755652
mocov3_vitb,1.0,real_medoids,3407.0,0,61.804363297424395,72.9115980022762
mocov3_vitb,1.0,real_medoids,3407.0,1,60.18524368118816,72.65516911761608
mocov3_vitb,1.0,real_medoids,3407.0,2,61.679949344243056,73.58765098980845
mocov3_vitb,1.0,real_medoids,3407.0,3,60.80542504949258,73.32464040339889
mocov3_vitb,1.0,real_medoids,3407.0,4,60.243937199530876,72.42380576385654
mocov3_vitb,1.0,real_random,42.0,0,55.37073956107825,63.239626334909126
mocov3_vitb,1.0,real_random,42.0,1,54.248637594938934,61.62062109839207
mocov3_vitb,1.0,real_random,42.0,2,53.84998518870737,62.00603839563058
mocov3_vitb,1.0,real_random,42.0,3,54.977311689534034,62.38167700254591
mocov3_vitb,1.0,real_random,42.0,4,54.793654583136565,61.251554341973424
mocov3_vitb,1.0,real_medoids,42.0,0,61.804363297424395,72.9115980022762
mocov3_vitb,1.0,real_medoids,42.0,1,60.18524368118816,72.65516911761608
mocov3_vitb,1.0,real_medoids,42.0,2,61.679949344243056,73.58765098980845
mocov3_vitb,1.0,real_medoids,42.0,3,60.80542504949258,73.32464040339889
mocov3_vitb,1.0,real_medoids,42.0,4,60.243937199530876,72.42380576385654
mocov3_vitb,1.0,real_random,1234.0,0,42.686758103371716,48.74939380813268
mocov3_vitb,1.0,real_random,1234.0,1,42.88975186780335,51.07863884709466
mocov3_vitb,1.0,real_random,1234.0,2,42.019588959102656,48.66335516932537
mocov3_vitb,1.0,real_random,1234.0,3,41.45184852964707,47.94611069007521
mocov3_vitb,1.0,real_random,1234.0,4,41.4766040703136,48.00353850643827
mocov3_vitb,1.0,real_medoids,1234.0,0,61.804363297424395,72.9115980022762
mocov3_vitb,1.0,real_medoids,1234.0,1,60.18524368118816,72.65516911761608
mocov3_vitb,1.0,real_medoids,1234.0,2,61.679949344243056,73.58765098980845
mocov3_vitb,1.0,real_medoids,1234.0,3,60.80542504949258,73.32464040339889
mocov3_vitb,1.0,real_medoids,1234.0,4,60.243937199530876,72.42380576385654
mocov3_vitb,1.0,real_random,2024.0,0,48.19951829406687,57.66775796691396
mocov3_vitb,1.0,real_random,2024.0,1,49.476814466988905,58.21669756413724
mocov3_vitb,1.0,real_random,2024.0,2,49.07199848151615,57.858956374873074
mocov3_vitb,1.0,real_random,2024.0,3,50.02435780516006,56.953806566675006
mocov3_vitb,1.0,real_random,2024.0,4,49.53549149128271,57.057063056850154
mocov3_vitb,1.0,real_medoids,2024.0,0,61.804363297424395,72.9115980022762
mocov3_vitb,1.0,real_medoids,2024.0,1,60.18524368118816,72.65516911761608
mocov3_vitb,1.0,real_medoids,2024.0,2,61.679949344243056,73.58765098980845
mocov3_vitb,1.0,real_medoids,2024.0,3,60.80542504949258,73.32464040339889
mocov3_vitb,1.0,real_medoids,2024.0,4,60.243937199530876,72.42380576385654
mocov3_vitb,1.0,real_random,7.0,0,42.95378068701553,58.09476474601972
mocov3_vitb,1.0,real_random,7.0,1,44.0006836261186,57.18971555468357
mocov3_vitb,1.0,real_random,7.0,2,43.97672446112536,56.53822940560177
mocov3_vitb,1.0,real_random,7.0,3,42.44092854127025,56.37432820593054
mocov3_vitb,1.0,real_random,7.0,4,43.253712755816885,55.83670076017051
mocov3_vitb,1.0,real_medoids,7.0,0,61.804363297424395,72.9115980022762
mocov3_vitb,1.0,real_medoids,7.0,1,60.18524368118816,72.65516911761608
mocov3_vitb,1.0,real_medoids,7.0,2,61.679949344243056,73.58765098980845
mocov3_vitb,1.0,real_medoids,7.0,3,60.80542504949258,73.32464040339889
mocov3_vitb,1.0,real_medoids,7.0,4,60.243937199530876,72.42380576385654
mocov3_vitb,3.0,real_random,3407.0,0,57.73299839403975,67.93965507457386
mocov3_vitb,3.0,real_random,3407.0,1,56.76136064802575,66.87382502745946
mocov3_vitb,3.0,real_random,3407.0,2,57.792791004293186,66.73348668589828
mocov3_vitb,3.0,real_random,3407.0,3,58.070444775825116,68.01507624593488
mocov3_vitb,3.0,real_random,3407.0,4,58.56604286722856,66.58475187202856
mocov3_vitb,3.0,real_medoids,3407.0,0,62.41169130483766,72.19018855473158
mocov3_vitb,3.0,real_medoids,3407.0,1,63.34475327622182,72.67448450903991
mocov3_vitb,3.0,real_medoids,3407.0,2,62.51807041753772,73.43697322453858
mocov3_vitb,3.0,real_medoids,3407.0,3,64.1757782458108,73.52219563564432
mocov3_vitb,3.0,real_medoids,3407.0,4,63.91970570784403,73.42945779296109
mocov3_vitb,3.0,real_random,42.0,0,59.84999957909238,62.9820540656199
mocov3_vitb,3.0,real_random,42.0,1,57.71380598059219,62.24059422402814
mocov3_vitb,3.0,real_random,42.0,2,58.43321703331619,62.13335160955582
mocov3_vitb,3.0,real_random,42.0,3,58.80449617080525,62.57220486926451
mocov3_vitb,3.0,real_random,42.0,4,58.599415106599714,62.31850555154701
mocov3_vitb,3.0,real_medoids,42.0,0,62.73819714994835,72.16668114025691
mocov3_vitb,3.0,real_medoids,42.0,1,63.41857727124663,72.34839985959646
mocov3_vitb,3.0,real_medoids,42.0,2,62.170049491224134,71.4049414056522
mocov3_vitb,3.0,real_medoids,42.0,3,63.45130336228382,71.31333776200833
mocov3_vitb,3.0,real_medoids,42.0,4,63.27772671064259,72.59542522502554
mocov3_vitb,3.0,real_random,1234.0,0,59.51153776325905,72.25692655572988
mocov3_vitb,3.0,real_random,1234.0,1,60.30973928263017,73.2951939994393
mocov3_vitb,3.0,real_random,1234.0,2,61.764789342330715,73.13107334414747
mocov3_vitb,3.0,real_random,1234.0,3,59.99917947309063,73.06677989987244
mocov3_vitb,3.0,real_random,1234.0,4,59.356028772115955,72.66761443550374
mocov3_vitb,3.0,real_medoids,1234.0,0,63.75148909946661,73.12109100963404
mocov3_vitb,3.0,real_medoids,1234.0,1,63.82233725812796,73.63611867122022
mocov3_vitb,3.0,real_medoids,1234.0,2,63.80374383145181,73.76277779409148
mocov3_vitb,3.0,real_medoids,1234.0,3,63.96262514910559,73.5419556299099
mocov3_vitb,3.0,real_medoids,1234.0,4,63.574920071166595,73.5448380713431
mocov3_vitb,3.0,real_random,2024.0,0,57.045571422308925,64.89621381619031
mocov3_vitb,3.0,real_random,2024.0,1,57.034358368560746,64.68306028295815
mocov3_vitb,3.0,real_random,2024.0,2,56.959644275412934,64.54356371252531
mocov3_vitb,3.0,real_random,2024.0,3,56.61767686832668,61.947178310429784
mocov3_vitb,3.0,real_random,2024.0,4,55.327928875181954,62.76645778257948
mocov3_vitb,3.0,real_medoids,2024.0,0,62.4754784411114,72.83797755492832
mocov3_vitb,3.0,real_medoids,2024.0,1,62.67148666062787,74.10078722862869
mocov3_vitb,3.0,real_medoids,2024.0,2,63.06606463944042,73.6554565606758
mocov3_vitb,3.0,real_medoids,2024.0,3,63.469675195734524,73.28074751409503
mocov3_vitb,3.0,real_medoids,2024.0,4,63.33313367558798,73.56103849003293
mocov3_vitb,3.0,real_random,7.0,0,54.44551102560005,50.13599451488623
mocov3_vitb,3.0,real_random,7.0,1,54.84990931959916,50.276748132844496
mocov3_vitb,3.0,real_random,7.0,2,54.56677693367112,49.637416973415256
mocov3_vitb,3.0,real_random,7.0,3,56.03870005393837,50.57717731839001
mocov3_vitb,3.0,real_random,7.0,4,55.03957284580577,49.11795753374507
mocov3_vitb,3.0,real_medoids,7.0,0,63.22112272812175,73.1810135366029
mocov3_vitb,3.0,real_medoids,7.0,1,63.56317023159872,74.1225142394908
mocov3_vitb,3.0,real_medoids,7.0,2,62.99100045294119,73.2745221525181
mocov3_vitb,3.0,real_medoids,7.0,3,63.3591278153938,72.7462558766756
mocov3_vitb,3.0,real_medoids,7.0,4,62.92936457227154,72.98686922140844
mocov3_vitb,5.0,real_random,3407.0,0,62.032157491781405,72.4199441266806
mocov3_vitb,5.0,real_random,3407.0,1,61.644520424704154,71.72631640920652
mocov3_vitb,5.0,real_random,3407.0,2,61.775629671997656,71.15419597596751
mocov3_vitb,5.0,real_random,3407.0,3,60.67158373216503,71.26082186874214
mocov3_vitb,5.0,real_random,3407.0,4,62.38442598056483,70.50065168118901
mocov3_vitb,5.0,real_medoids,3407.0,0,67.10500817906717,72.77255181249951
mocov3_vitb,5.0,real_medoids,3407.0,1,67.88276838820664,72.09121541387807
mocov3_vitb,5.0,real_medoids,3407.0,2,67.06827700785465,72.41690325460021
mocov3_vitb,5.0,real_medoids,3407.0,3,68.11138140548015,72.34458927542535
mocov3_vitb,5.0,real_medoids,3407.0,4,67.34677614249563,72.29926370555607
mocov3_vitb,5.0,real_random,42.0,0,62.75359387196742,69.57779242382244
mocov3_vitb,5.0,real_random,42.0,1,61.89769668841596,69.96706490099518
mocov3_vitb,5.0,real_random,42.0,2,61.24433966634808,69.17093776776309
mocov3_vitb,5.0,real_random,42.0,3,62.81220897266313,70.74705795827514
mocov3_vitb,5.0,real_random,42.0,4,63.587355015976414,71.39042753518869
mocov3_vitb,5.0,real_medoids,42.0,0,67.48414047481522,74.96144468114491
mocov3_vitb,5.0,real_medoids,42.0,1,68.52881818744565,76.04883670577033
mocov3_vitb,5.0,real_medoids,42.0,2,67.80488781700606,76.16946620789477
mocov3_vitb,5.0,real_medoids,42.0,3,68.8922248501091,75.2336534665024
mocov3_vitb,5.0,real_medoids,42.0,4,68.4950792848429,74.89037577807017
mocov3_vitb,5.0,real_random,1234.0,0,59.87746220453991,67.76460869420167
mocov3_vitb,5.0,real_random,1234.0,1,59.05920580955228,68.55820649900495
mocov3_vitb,5.0,real_random,1234.0,2,58.190821963465645,68.57335380158204
mocov3_vitb,5.0,real_random,1234.0,3,59.298257930945596,68.61592336436247
mocov3_vitb,5.0,real_random,1234.0,4,58.796595865384006,68.30054643997204
mocov3_vitb,5.0,real_medoids,1234.0,0,67.14888087764967,75.18402407446992
mocov3_vitb,5.0,real_medoids,1234.0,1,67.9069347708756,76.02057669630759
mocov3_vitb,5.0,real_medoids,1234.0,2,67.4867162486844,75.95330549298872
mocov3_vitb,5.0,real_medoids,1234.0,3,68.29094340933457,75.11073474708031
mocov3_vitb,5.0,real_medoids,1234.0,4,67.72617348297511,75.11174736247104
mocov3_vitb,5.0,real_random,2024.0,0,61.3099222651872,71.53645947602769
mocov3_vitb,5.0,real_random,2024.0,1,61.93315839108698,71.0164965266796
mocov3_vitb,5.0,real_random,2024.0,2,61.77091176002156,71.99513173979604
mocov3_vitb,5.0,real_random,2024.0,3,60.41654725664686,70.80655461280351
mocov3_vitb,5.0,real_random,2024.0,4,60.678923417993005,70.369182807085
mocov3_vitb,5.0,real_medoids,2024.0,0,67.75600270632832,74.24124082279413
mocov3_vitb,5.0,real_medoids,2024.0,1,67.74928809615123,74.60822517263585
mocov3_vitb,5.0,real_medoids,2024.0,2,66.97484375611641,74.7070767330988
mocov3_vitb,5.0,real_medoids,2024.0,3,68.7684873066879,74.28285926596119
mocov3_vitb,5.0,real_medoids,2024.0,4,67.66062467871792,73.84290668487294
mocov3_vitb,5.0,real_random,7.0,0,59.90169817693084,69.77362241874627
mocov3_vitb,5.0,real_random,7.0,1,62.483643176714885,71.1216185547131
mocov3_vitb,5.0,real_random,7.0,2,63.08170352539146,71.47603509071763
mocov3_vitb,5.0,real_random,7.0,3,62.491772520017044,70.79293995696395
mocov3_vitb,5.0,real_random,7.0,4,60.90017321972654,70.23091526750363
mocov3_vitb,5.0,real_medoids,7.0,0,68.35802336310708,74.6800864013551
mocov3_vitb,5.0,real_medoids,7.0,1,67.50905320617935,74.62385247938163
mocov3_vitb,5.0,real_medoids,7.0,2,68.29104404719166,74.69803462982036
mocov3_vitb,5.0,real_medoids,7.0,3,68.95144282138251,75.0320028567105
mocov3_vitb,5.0,real_medoids,7.0,4,68.10515387258829,74.15827332346342
